Timestamp,Message
2024-04-12 17:15:11.887,Error injection triggered: Simulated server error.
2024-04-12 17:15:12.257,Error injection triggered: Simulated server error.
2024-04-12 17:15:12.267,Error injection triggered: Simulated server error.
2024-04-12 17:15:12.287,Error injection triggered: Simulated server error.
2024-04-12 17:15:12.288,Error injection triggered: Simulated server error.
2024-04-12 17:15:12.378,Error injection triggered: Simulated server error.
2024-04-12 17:15:12.434,Error injection triggered: Simulated server error.
2024-04-12 17:15:12.453,Error injection triggered: Simulated server error.
2024-04-12 17:15:13.01,Error injection triggered: Simulated server error.
2024-04-12 17:15:13.011,Error injection triggered: Simulated server error.
2024-04-12 17:15:13.012,Error injection triggered: Simulated server error.
2024-04-12 17:15:13.017,Error injection triggered: Simulated server error.
2024-04-12 17:15:13.023,Error injection triggered: Simulated server error.
2024-04-12 17:15:13.03,Error injection triggered: Simulated server error.
2024-04-12 17:15:13.084,Error injection triggered: Simulated server error.
2024-04-12 17:15:13.123,Error injection triggered: Simulated server error.
2024-04-12 17:15:13.353,Error injection triggered: Simulated server error.
2024-04-12 17:15:13.354,Error injection triggered: Simulated server error.
2024-04-12 17:15:13.365,Error injection triggered: Simulated server error.
2024-04-12 17:15:13.577,Error injection triggered: Simulated server error.
2024-04-12 17:15:13.578,Error injection triggered: Simulated server error.
2024-04-12 17:15:13.771,Error injection triggered: Simulated server error.
2024-04-12 17:15:13.772,Error injection triggered: Simulated server error.
2024-04-12 17:15:13.97,Error injection triggered: Simulated server error.
2024-04-12 17:15:14.016,Error injection triggered: Simulated server error.
2024-04-12 17:15:14.042,Error injection triggered: Simulated server error.
2024-04-12 17:15:14.062,Error injection triggered: Simulated server error.
2024-04-12 17:15:14.444,Error injection triggered: Simulated server error.
2024-04-12 17:15:14.445,Error injection triggered: Simulated server error.
2024-04-12 17:15:14.573,Error injection triggered: Simulated server error.
2024-04-12 17:15:14.578,Error injection triggered: Simulated server error.
2024-04-12 17:15:14.758,Error injection triggered: Simulated server error.
2024-04-12 17:15:14.789,Error injection triggered: Simulated server error.
2024-04-12 17:15:14.79,Error injection triggered: Simulated server error.
2024-04-12 17:15:14.794,Error injection triggered: Simulated server error.
2024-04-12 17:15:14.796,Error injection triggered: Simulated server error.
2024-04-12 17:15:14.949,Error injection triggered: Simulated server error.
2024-04-12 17:15:14.953,Error injection triggered: Simulated server error.
2024-04-12 17:15:14.954,Error injection triggered: Simulated server error.
2024-04-12 17:15:14.956,Error injection triggered: Simulated server error.
2024-04-12 17:15:14.958,Error injection triggered: Simulated server error.
2024-04-12 17:15:14.982,Error injection triggered: Simulated server error.
2024-04-12 17:15:15.14,Error injection triggered: Simulated server error.
2024-04-12 17:15:15.4,Error injection triggered: Simulated server error.
2024-04-12 17:15:15.607,Error injection triggered: Simulated server error.
2024-04-12 17:15:15.609,Error injection triggered: Simulated server error.
2024-04-12 17:15:15.612,Error injection triggered: Simulated server error.
2024-04-12 17:15:15.617,Error injection triggered: Simulated server error.
2024-04-12 17:15:15.619,Error injection triggered: Simulated server error.
2024-04-12 17:15:16.026,Error injection triggered: Simulated server error.
2024-04-12 17:15:16.295,Error injection triggered: Simulated server error.
2024-04-12 17:15:16.395,Error injection triggered: Simulated server error.
2024-04-12 17:15:16.396,Error injection triggered: Simulated server error.
2024-04-12 17:15:16.397,Error injection triggered: Simulated server error.
2024-04-12 17:15:16.657,Error injection triggered: Simulated server error.
2024-04-12 17:15:16.66,Error injection triggered: Simulated server error.
2024-04-12 17:15:16.661,Error injection triggered: Simulated server error.
2024-04-12 17:15:16.824,Error injection triggered: Simulated server error.
2024-04-12 17:15:16.852,Error injection triggered: Simulated server error.
2024-04-12 17:15:16.854,Error injection triggered: Simulated server error.
2024-04-12 17:15:16.856,Error injection triggered: Simulated server error.
2024-04-12 17:15:16.864,Error injection triggered: Simulated server error.
2024-04-12 17:15:17.002,Error injection triggered: Simulated server error.
2024-04-12 17:15:17.24,Error injection triggered: Simulated server error.
2024-04-12 17:15:17.241,Error injection triggered: Simulated server error.
2024-04-12 17:15:17.243,Error injection triggered: Simulated server error.
2024-04-12 17:15:17.329,Error injection triggered: Simulated server error.
2024-04-12 17:15:17.33,Error injection triggered: Simulated server error.
2024-04-12 17:15:17.331,Error injection triggered: Simulated server error.
2024-04-12 17:15:17.332,Error injection triggered: Simulated server error.
2024-04-12 17:15:17.334,Error injection triggered: Simulated server error.
2024-04-12 17:15:17.336,Error injection triggered: Simulated server error.
2024-04-12 17:15:17.338,Error injection triggered: Simulated server error.
2024-04-12 17:15:17.341,Error injection triggered: Simulated server error.
2024-04-12 17:15:17.342,Error injection triggered: Simulated server error.
2024-04-12 17:15:17.343,Error injection triggered: Simulated server error.
2024-04-12 17:15:17.345,Error injection triggered: Simulated server error.
2024-04-12 17:15:17.508,Error injection triggered: Simulated server error.
2024-04-12 17:15:17.51,Error injection triggered: Simulated server error.
2024-04-12 17:15:17.512,Error injection triggered: Simulated server error.
2024-04-12 17:15:17.513,Error injection triggered: Simulated server error.
2024-04-12 17:15:17.631,Error injection triggered: Simulated server error.
2024-04-12 17:15:17.688,Error injection triggered: Simulated server error.
2024-04-12 17:15:17.689,Error injection triggered: Simulated server error.
2024-04-12 17:15:17.691,Error injection triggered: Simulated server error.
2024-04-12 17:15:17.693,Error injection triggered: Simulated server error.
2024-04-12 17:15:17.742,Error injection triggered: Simulated server error.
2024-04-12 17:15:17.887,Error injection triggered: Simulated server error.
2024-04-12 17:15:17.915,Error injection triggered: Simulated server error.
2024-04-12 17:15:17.916,Error injection triggered: Simulated server error.
2024-04-12 17:15:17.917,Error injection triggered: Simulated server error.
2024-04-12 17:15:17.92,Error injection triggered: Simulated server error.
2024-04-12 17:15:17.921,Error injection triggered: Simulated server error.
2024-04-12 17:15:17.923,Error injection triggered: Simulated server error.
2024-04-12 17:15:17.926,Error injection triggered: Simulated server error.
2024-04-12 17:15:17.93,Error injection triggered: Simulated server error.
2024-04-12 17:15:17.931,Error injection triggered: Simulated server error.
2024-04-12 17:15:17.934,Error injection triggered: Simulated server error.
2024-04-12 17:15:18.104,Error injection triggered: Simulated server error.
2024-04-12 17:15:18.108,Error injection triggered: Simulated server error.
2024-04-12 17:15:18.149,Error injection triggered: Simulated server error.
2024-04-12 17:15:18.236,Error injection triggered: Simulated server error.
2024-04-12 17:15:18.239,Error injection triggered: Simulated server error.
2024-04-12 17:15:18.299,Error injection triggered: Simulated server error.
2024-04-12 17:15:18.3,Error injection triggered: Simulated server error.
2024-04-12 17:15:18.301,Error injection triggered: Simulated server error.
2024-04-12 17:15:18.302,Error injection triggered: Simulated server error.
2024-04-12 17:15:18.304,Error injection triggered: Simulated server error.
2024-04-12 17:15:18.323,Error injection triggered: Simulated server error.
2024-04-12 17:15:18.324,Error injection triggered: Simulated server error.
2024-04-12 17:15:18.325,Error injection triggered: Simulated server error.
2024-04-12 17:15:18.327,Error injection triggered: Simulated server error.
2024-04-12 17:15:18.329,Error injection triggered: Simulated server error.
2024-04-12 17:15:18.373,Error injection triggered: Simulated server error.
2024-04-12 17:15:18.414,Error injection triggered: Simulated server error.
2024-04-12 17:15:18.416,Error injection triggered: Simulated server error.
2024-04-12 17:15:18.463,Error injection triggered: Simulated server error.
2024-04-12 17:15:18.464,Error injection triggered: Simulated server error.
2024-04-12 17:15:18.467,Error injection triggered: Simulated server error.
2024-04-12 17:15:18.585,Error injection triggered: Simulated server error.
2024-04-12 17:15:18.587,Error injection triggered: Simulated server error.
2024-04-12 17:15:18.615,Error injection triggered: Simulated server error.
2024-04-12 17:15:18.617,Error injection triggered: Simulated server error.
2024-04-12 17:15:18.707,Error injection triggered: Simulated server error.
2024-04-12 17:15:18.757,Error injection triggered: Simulated server error.
2024-04-12 17:15:18.758,Error injection triggered: Simulated server error.
2024-04-12 17:15:18.813,Error injection triggered: Simulated server error.
2024-04-12 17:15:18.815,Error injection triggered: Simulated server error.
2024-04-12 17:15:18.948,Error injection triggered: Simulated server error.
2024-04-12 17:15:18.949,Error injection triggered: Simulated server error.
2024-04-12 17:15:18.95,Error injection triggered: Simulated server error.
2024-04-12 17:15:18.951,Error injection triggered: Simulated server error.
2024-04-12 17:15:18.953,Error injection triggered: Simulated server error.
2024-04-12 17:15:18.955,Error injection triggered: Simulated server error.
2024-04-12 17:15:18.957,Error injection triggered: Simulated server error.
2024-04-12 17:15:18.959,Error injection triggered: Simulated server error.
2024-04-12 17:15:18.963,Error injection triggered: Simulated server error.
2024-04-12 17:15:19.14,Error injection triggered: Simulated server error.
2024-04-12 17:15:19.146,Error injection triggered: Simulated server error.
2024-04-12 17:15:19.186,Error injection triggered: Simulated server error.
2024-04-12 17:15:19.187,Error injection triggered: Simulated server error.
2024-04-12 17:15:19.189,Error injection triggered: Simulated server error.
2024-04-12 17:15:19.19,Error injection triggered: Simulated server error.
2024-04-12 17:15:19.191,Error injection triggered: Simulated server error.
2024-04-12 17:15:19.192,Error injection triggered: Simulated server error.
2024-04-12 17:15:19.219,Error injection triggered: Simulated server error.
2024-04-12 17:15:19.221,Error injection triggered: Simulated server error.
2024-04-12 17:15:19.336,Error injection triggered: Simulated server error.
2024-04-12 17:15:19.337,Error injection triggered: Simulated server error.
2024-04-12 17:15:19.368,Error injection triggered: Simulated server error.
2024-04-12 17:15:19.37,Error injection triggered: Simulated server error.
2024-04-12 17:15:19.408,Error injection triggered: Simulated server error.
2024-04-12 17:15:19.409,Error injection triggered: Simulated server error.
2024-04-12 17:15:19.411,Error injection triggered: Simulated server error.
2024-04-12 17:15:19.412,Error injection triggered: Simulated server error.
2024-04-12 17:15:19.413,Error injection triggered: Simulated server error.
2024-04-12 17:15:19.416,Error injection triggered: Simulated server error.
2024-04-12 17:15:19.417,Error injection triggered: Simulated server error.
2024-04-12 17:15:19.563,Error injection triggered: Simulated server error.
2024-04-12 17:15:19.582,Error injection triggered: Simulated server error.
2024-04-12 17:15:19.583,Error injection triggered: Simulated server error.
2024-04-12 17:15:19.584,Error injection triggered: Simulated server error.
2024-04-12 17:15:19.586,Error injection triggered: Simulated server error.
2024-04-12 17:15:19.695,Error injection triggered: Simulated server error.
2024-04-12 17:15:19.696,Error injection triggered: Simulated server error.
2024-04-12 17:15:19.92,Error injection triggered: Simulated server error.
2024-04-12 17:15:19.953,Error injection triggered: Simulated server error.
2024-04-12 17:15:20.169,Error injection triggered: Simulated server error.
2024-04-12 17:15:20.202,Error injection triggered: Simulated server error.
2024-04-12 17:15:20.204,Error injection triggered: Simulated server error.
2024-04-12 17:15:20.217,Error injection triggered: Simulated server error.
2024-04-12 17:15:20.218,Error injection triggered: Simulated server error.
2024-04-12 17:15:20.23,Error injection triggered: Simulated server error.
2024-04-12 17:15:20.329,Error injection triggered: Simulated server error.
2024-04-12 17:15:20.346,Error injection triggered: Simulated server error.
2024-04-12 17:15:20.348,Error injection triggered: Simulated server error.
2024-04-12 17:15:20.35,Error injection triggered: Simulated server error.
2024-04-12 17:15:20.387,Error injection triggered: Simulated server error.
2024-04-12 17:15:20.388,Error injection triggered: Simulated server error.
2024-04-12 17:15:20.389,Error injection triggered: Simulated server error.
2024-04-12 17:15:20.39,Error injection triggered: Simulated server error.
2024-04-12 17:15:20.393,Error injection triggered: Simulated server error.
2024-04-12 17:15:20.467,Error injection triggered: Simulated server error.
2024-04-12 17:15:20.594,Error injection triggered: Simulated server error.
2024-04-12 17:15:20.675,Error injection triggered: Simulated server error.
2024-04-12 17:15:20.817,Error injection triggered: Simulated server error.
2024-04-12 17:15:20.824,Error injection triggered: Simulated server error.
2024-04-12 17:15:20.826,Error injection triggered: Simulated server error.
2024-04-12 17:15:20.828,Error injection triggered: Simulated server error.
2024-04-12 17:15:20.829,Error injection triggered: Simulated server error.
2024-04-12 17:15:20.922,Error injection triggered: Simulated server error.
2024-04-12 17:15:20.924,Error injection triggered: Simulated server error.
2024-04-12 17:15:20.967,Error injection triggered: Simulated server error.
2024-04-12 17:15:21.073,Error injection triggered: Simulated server error.
2024-04-12 17:15:21.077,Error injection triggered: Simulated server error.
2024-04-12 17:15:21.079,Error injection triggered: Simulated server error.
2024-04-12 17:15:21.08,Error injection triggered: Simulated server error.
2024-04-12 17:15:21.082,Error injection triggered: Simulated server error.
2024-04-12 17:15:21.084,Error injection triggered: Simulated server error.
2024-04-12 17:15:21.086,Error injection triggered: Simulated server error.
2024-04-12 17:15:21.141,Error injection triggered: Simulated server error.
2024-04-12 17:15:21.321,Error injection triggered: Simulated server error.
2024-04-12 17:15:21.322,Error injection triggered: Simulated server error.
2024-04-12 17:15:21.323,Error injection triggered: Simulated server error.
2024-04-12 17:15:21.324,Error injection triggered: Simulated server error.
2024-04-12 17:15:21.325,Error injection triggered: Simulated server error.
2024-04-12 17:15:21.327,Error injection triggered: Simulated server error.
2024-04-12 17:15:21.328,Error injection triggered: Simulated server error.
2024-04-12 17:15:21.329,Error injection triggered: Simulated server error.
2024-04-12 17:15:21.33,Error injection triggered: Simulated server error.
2024-04-12 17:15:21.331,Error injection triggered: Simulated server error.
2024-04-12 17:15:21.495,Error injection triggered: Simulated server error.
2024-04-12 17:15:21.497,Error injection triggered: Simulated server error.
2024-04-12 17:15:21.497,Error injection triggered: Simulated server error.
2024-04-12 17:15:21.499,Error injection triggered: Simulated server error.
2024-04-12 17:15:21.593,Error injection triggered: Simulated server error.
2024-04-12 17:15:21.718,Error injection triggered: Simulated server error.
2024-04-12 17:15:21.719,Error injection triggered: Simulated server error.
2024-04-12 17:15:21.727,Error injection triggered: Simulated server error.
2024-04-12 17:15:21.73,Error injection triggered: Simulated server error.
2024-04-12 17:15:21.734,Error injection triggered: Simulated server error.
2024-04-12 17:15:21.736,Error injection triggered: Simulated server error.
2024-04-12 17:15:21.842,Error injection triggered: Simulated server error.
2024-04-12 17:15:21.871,Error injection triggered: Simulated server error.
2024-04-12 17:15:21.875,Error injection triggered: Simulated server error.
2024-04-12 17:15:21.877,Error injection triggered: Simulated server error.
2024-04-12 17:15:21.948,Error injection triggered: Simulated server error.
2024-04-12 17:15:21.973,Error injection triggered: Simulated server error.
2024-04-12 17:15:22.061,Error injection triggered: Simulated server error.
2024-04-12 17:15:22.104,Error injection triggered: Simulated server error.
2024-04-12 17:15:22.12,Error injection triggered: Simulated server error.
2024-04-12 17:15:22.145,Error injection triggered: Simulated server error.
2024-04-12 17:15:22.147,Error injection triggered: Simulated server error.
2024-04-12 17:15:22.15,Error injection triggered: Simulated server error.
2024-04-12 17:15:22.186,Error injection triggered: Simulated server error.
2024-04-12 17:15:22.186,Error injection triggered: Simulated server error.
2024-04-12 17:15:22.187,Error injection triggered: Simulated server error.
2024-04-12 17:15:22.23,Error injection triggered: Simulated server error.
2024-04-12 17:15:22.343,Error injection triggered: Simulated server error.
2024-04-12 17:15:22.344,Error injection triggered: Simulated server error.
2024-04-12 17:15:22.353,Error injection triggered: Simulated server error.
2024-04-12 17:15:22.354,Error injection triggered: Simulated server error.
2024-04-12 17:15:22.435,Error injection triggered: Simulated server error.
2024-04-12 17:15:22.458,Error injection triggered: Simulated server error.
2024-04-12 17:15:22.538,Error injection triggered: Simulated server error.
2024-04-12 17:15:22.542,Error injection triggered: Simulated server error.
2024-04-12 17:15:22.564,Error injection triggered: Simulated server error.
2024-04-12 17:15:22.576,Error injection triggered: Simulated server error.
2024-04-12 17:15:22.668,Error injection triggered: Simulated server error.
2024-04-12 17:15:22.669,Error injection triggered: Simulated server error.
2024-04-12 17:15:22.819,Error injection triggered: Simulated server error.
2024-04-12 17:15:22.884,Error injection triggered: Simulated server error.
2024-04-12 17:15:22.902,Error injection triggered: Simulated server error.
2024-04-12 17:15:22.904,Error injection triggered: Simulated server error.
2024-04-12 17:15:22.925,Error injection triggered: Simulated server error.
2024-04-12 17:15:23.038,Error injection triggered: Simulated server error.
2024-04-12 17:15:23.069,Error injection triggered: Simulated server error.
2024-04-12 17:15:23.105,Error injection triggered: Simulated server error.
2024-04-12 17:15:23.12,Error injection triggered: Simulated server error.
2024-04-12 17:15:23.266,Error injection triggered: Simulated server error.
2024-04-12 17:15:23.267,Error injection triggered: Simulated server error.
2024-04-12 17:15:23.27,Error injection triggered: Simulated server error.
2024-04-12 17:15:23.313,Error injection triggered: Simulated server error.
2024-04-12 17:15:23.314,Error injection triggered: Simulated server error.
2024-04-12 17:15:23.315,Error injection triggered: Simulated server error.
2024-04-12 17:15:23.373,Error injection triggered: Simulated server error.
2024-04-12 17:15:23.374,Error injection triggered: Simulated server error.
2024-04-12 17:15:23.378,Error injection triggered: Simulated server error.
2024-04-12 17:15:23.406,Error injection triggered: Simulated server error.
2024-04-12 17:15:23.414,Error injection triggered: Simulated server error.
2024-04-12 17:15:23.415,Error injection triggered: Simulated server error.
2024-04-12 17:15:23.416,Error injection triggered: Simulated server error.
2024-04-12 17:15:23.503,Error injection triggered: Simulated server error.
2024-04-12 17:15:23.547,Error injection triggered: Simulated server error.
2024-04-12 17:15:23.6,Error injection triggered: Simulated server error.
2024-04-12 17:15:23.615,Error injection triggered: Simulated server error.
2024-04-12 17:15:23.617,Error injection triggered: Simulated server error.
2024-04-12 17:15:23.686,Error injection triggered: Simulated server error.
2024-04-12 17:15:23.712,Error injection triggered: Simulated server error.
2024-04-12 17:15:23.714,Error injection triggered: Simulated server error.
2024-04-12 17:15:23.715,Error injection triggered: Simulated server error.
2024-04-12 17:15:23.741,Error injection triggered: Simulated server error.
2024-04-12 17:15:23.742,Error injection triggered: Simulated server error.
2024-04-12 17:15:23.745,Error injection triggered: Simulated server error.
2024-04-12 17:15:23.754,Error injection triggered: Simulated server error.
2024-04-12 17:15:23.757,Error injection triggered: Simulated server error.
2024-04-12 17:15:23.758,Error injection triggered: Simulated server error.
2024-04-12 17:15:23.759,Error injection triggered: Simulated server error.
2024-04-12 17:15:23.761,Error injection triggered: Simulated server error.
2024-04-12 17:15:23.762,Error injection triggered: Simulated server error.
2024-04-12 17:15:23.764,Error injection triggered: Simulated server error.
2024-04-12 17:15:23.801,Error injection triggered: Simulated server error.
2024-04-12 17:15:23.802,Error injection triggered: Simulated server error.
2024-04-12 17:15:23.803,Error injection triggered: Simulated server error.
2024-04-12 17:15:23.835,Error injection triggered: Simulated server error.
2024-04-12 17:15:23.836,Error injection triggered: Simulated server error.
2024-04-12 17:15:23.838,Error injection triggered: Simulated server error.
2024-04-12 17:15:23.839,Error injection triggered: Simulated server error.
2024-04-12 17:15:23.84,Error injection triggered: Simulated server error.
2024-04-12 17:15:23.842,Error injection triggered: Simulated server error.
2024-04-12 17:15:23.943,Error injection triggered: Simulated server error.
2024-04-12 17:15:24.013,Error injection triggered: Simulated server error.
2024-04-12 17:15:24.015,Error injection triggered: Simulated server error.
2024-04-12 17:15:24.016,Error injection triggered: Simulated server error.
2024-04-12 17:15:24.018,Error injection triggered: Simulated server error.
2024-04-12 17:15:24.019,Error injection triggered: Simulated server error.
2024-04-12 17:15:24.021,Error injection triggered: Simulated server error.
2024-04-12 17:15:24.18,Error injection triggered: Simulated server error.
2024-04-12 17:15:24.182,Error injection triggered: Simulated server error.
2024-04-12 17:15:24.183,Error injection triggered: Simulated server error.
2024-04-12 17:15:24.185,Error injection triggered: Simulated server error.
2024-04-12 17:15:24.187,Error injection triggered: Simulated server error.
2024-04-12 17:15:24.189,Error injection triggered: Simulated server error.
2024-04-12 17:15:24.191,Error injection triggered: Simulated server error.
2024-04-12 17:15:24.193,Error injection triggered: Simulated server error.
2024-04-12 17:15:24.365,Error injection triggered: Simulated server error.
2024-04-12 17:15:24.367,Error injection triggered: Simulated server error.
2024-04-12 17:15:24.369,Error injection triggered: Simulated server error.
2024-04-12 17:15:24.371,Error injection triggered: Simulated server error.
2024-04-12 17:15:24.413,Error injection triggered: Simulated server error.
2024-04-12 17:15:24.414,Error injection triggered: Simulated server error.
2024-04-12 17:15:24.474,Error injection triggered: Simulated server error.
2024-04-12 17:15:24.542,Error injection triggered: Simulated server error.
2024-04-12 17:15:24.56,Error injection triggered: Simulated server error.
2024-04-12 17:15:24.562,Error injection triggered: Simulated server error.
2024-04-12 17:15:24.563,Error injection triggered: Simulated server error.
2024-04-12 17:15:24.564,Error injection triggered: Simulated server error.
2024-04-12 17:15:24.566,Error injection triggered: Simulated server error.
2024-04-12 17:15:24.646,Error injection triggered: Simulated server error.
2024-04-12 17:15:24.736,Error injection triggered: Simulated server error.
2024-04-12 17:15:24.749,Error injection triggered: Simulated server error.
2024-04-12 17:15:24.751,Error injection triggered: Simulated server error.
2024-04-12 17:15:24.782,Error injection triggered: Simulated server error.
2024-04-12 17:15:24.784,Error injection triggered: Simulated server error.
2024-04-12 17:15:24.785,Error injection triggered: Simulated server error.
2024-04-12 17:15:24.788,Error injection triggered: Simulated server error.
2024-04-12 17:15:24.789,Error injection triggered: Simulated server error.
2024-04-12 17:15:24.791,Error injection triggered: Simulated server error.
2024-04-12 17:15:24.792,Error injection triggered: Simulated server error.
2024-04-12 17:15:24.794,Error injection triggered: Simulated server error.
2024-04-12 17:15:24.795,Error injection triggered: Simulated server error.
2024-04-12 17:15:24.797,Error injection triggered: Simulated server error.
2024-04-12 17:15:24.798,Error injection triggered: Simulated server error.
2024-04-12 17:15:24.799,Error injection triggered: Simulated server error.
2024-04-12 17:15:24.8,Error injection triggered: Simulated server error.
2024-04-12 17:15:24.802,Error injection triggered: Simulated server error.
2024-04-12 17:15:24.804,Error injection triggered: Simulated server error.
2024-04-12 17:15:24.806,Error injection triggered: Simulated server error.
2024-04-12 17:15:24.808,Error injection triggered: Simulated server error.
2024-04-12 17:15:24.81,Error injection triggered: Simulated server error.
2024-04-12 17:15:24.813,Error injection triggered: Simulated server error.
2024-04-12 17:15:24.819,Error injection triggered: Simulated server error.
2024-04-12 17:15:24.821,Error injection triggered: Simulated server error.
2024-04-12 17:15:24.824,Error injection triggered: Simulated server error.
2024-04-12 17:15:24.826,Error injection triggered: Simulated server error.
2024-04-12 17:15:24.827,Error injection triggered: Simulated server error.
2024-04-12 17:15:24.852,Error injection triggered: Simulated server error.
2024-04-12 17:15:24.853,Error injection triggered: Simulated server error.
2024-04-12 17:15:24.855,Error injection triggered: Simulated server error.
2024-04-12 17:15:24.981,Error injection triggered: Simulated server error.
2024-04-12 17:15:24.982,Error injection triggered: Simulated server error.
2024-04-12 17:15:24.983,Error injection triggered: Simulated server error.
2024-04-12 17:15:24.984,Error injection triggered: Simulated server error.
2024-04-12 17:15:24.985,Error injection triggered: Simulated server error.
2024-04-12 17:15:25.039,Error injection triggered: Simulated server error.
2024-04-12 17:15:25.041,Error injection triggered: Simulated server error.
2024-04-12 17:15:25.042,Error injection triggered: Simulated server error.
2024-04-12 17:15:25.156,Error injection triggered: Simulated server error.
2024-04-12 17:15:25.202,Error injection triggered: Simulated server error.
2024-04-12 17:15:25.333,Error injection triggered: Simulated server error.
2024-04-12 17:15:25.426,Error injection triggered: Simulated server error.
2024-04-12 17:15:25.427,Error injection triggered: Simulated server error.
2024-04-12 17:15:25.428,Error injection triggered: Simulated server error.
2024-04-12 17:15:25.431,Error injection triggered: Simulated server error.
2024-04-12 17:15:25.433,Error injection triggered: Simulated server error.
2024-04-12 17:15:25.434,Error injection triggered: Simulated server error.
2024-04-12 17:15:25.438,Error injection triggered: Simulated server error.
2024-04-12 17:15:25.44,Error injection triggered: Simulated server error.
2024-04-12 17:15:25.47,Error injection triggered: Simulated server error.
2024-04-12 17:15:25.605,Error injection triggered: Simulated server error.
2024-04-12 17:15:25.618,Error injection triggered: Simulated server error.
2024-04-12 17:15:25.692,Error injection triggered: Simulated server error.
2024-04-12 17:15:25.782,Error injection triggered: Simulated server error.
2024-04-12 17:15:25.807,Error injection triggered: Simulated server error.
2024-04-12 17:15:25.839,Error injection triggered: Simulated server error.
2024-04-12 17:15:25.855,Error injection triggered: Simulated server error.
2024-04-12 17:15:25.916,Error injection triggered: Simulated server error.
2024-04-12 17:15:25.983,Error injection triggered: Simulated server error.
2024-04-12 17:15:25.984,Error injection triggered: Simulated server error.
2024-04-12 17:15:25.987,Error injection triggered: Simulated server error.
2024-04-12 17:15:25.989,Error injection triggered: Simulated server error.
2024-04-12 17:15:26.029,Error injection triggered: Simulated server error.
2024-04-12 17:15:26.03,Error injection triggered: Simulated server error.
2024-04-12 17:15:26.031,Error injection triggered: Simulated server error.
2024-04-12 17:15:26.032,Error injection triggered: Simulated server error.
2024-04-12 17:15:26.227,Error injection triggered: Simulated server error.
2024-04-12 17:15:26.228,Error injection triggered: Simulated server error.
2024-04-12 17:15:26.278,Error injection triggered: Simulated server error.
2024-04-12 17:15:26.316,Error injection triggered: Simulated server error.
2024-04-12 17:15:26.434,Error injection triggered: Simulated server error.
2024-04-12 17:15:26.462,Error injection triggered: Simulated server error.
2024-04-12 17:15:26.463,Error injection triggered: Simulated server error.
2024-04-12 17:15:26.465,Error injection triggered: Simulated server error.
2024-04-12 17:15:26.516,Error injection triggered: Simulated server error.
2024-04-12 17:15:26.615,Error injection triggered: Simulated server error.
2024-04-12 17:15:26.617,Error injection triggered: Simulated server error.
2024-04-12 17:15:26.619,Error injection triggered: Simulated server error.
2024-04-12 17:15:26.672,Error injection triggered: Simulated server error.
2024-04-12 17:15:26.673,Error injection triggered: Simulated server error.
2024-04-12 17:15:26.824,Error injection triggered: Simulated server error.
2024-04-12 17:15:26.837,Error injection triggered: Simulated server error.
2024-04-12 17:15:26.844,Error injection triggered: Simulated server error.
2024-04-12 17:15:26.857,Error injection triggered: Simulated server error.
2024-04-12 17:15:26.858,Error injection triggered: Simulated server error.
2024-04-12 17:15:26.884,Error injection triggered: Simulated server error.
2024-04-12 17:15:26.886,Error injection triggered: Simulated server error.
2024-04-12 17:15:26.887,Error injection triggered: Simulated server error.
2024-04-12 17:15:27.069,Error injection triggered: Simulated server error.
2024-04-12 17:15:27.254,Error injection triggered: Simulated server error.
2024-04-12 17:15:27.276,Error injection triggered: Simulated server error.
2024-04-12 17:15:27.278,Error injection triggered: Simulated server error.
2024-04-12 17:15:27.314,Error injection triggered: Simulated server error.
2024-04-12 17:15:27.315,Error injection triggered: Simulated server error.
2024-04-12 17:15:27.316,Error injection triggered: Simulated server error.
2024-04-12 17:15:27.318,Error injection triggered: Simulated server error.
2024-04-12 17:15:27.32,Error injection triggered: Simulated server error.
2024-04-12 17:15:27.323,Error injection triggered: Simulated server error.
2024-04-12 17:15:27.325,Error injection triggered: Simulated server error.
2024-04-12 17:15:27.333,Error injection triggered: Simulated server error.
2024-04-12 17:15:27.336,Error injection triggered: Simulated server error.
2024-04-12 17:15:27.338,Error injection triggered: Simulated server error.
2024-04-12 17:15:27.376,Error injection triggered: Simulated server error.
2024-04-12 17:15:27.376,Error injection triggered: Simulated server error.
2024-04-12 17:15:27.377,Error injection triggered: Simulated server error.
2024-04-12 17:15:27.398,Error injection triggered: Simulated server error.
2024-04-12 17:15:27.399,Error injection triggered: Simulated server error.
2024-04-12 17:15:27.4,Error injection triggered: Simulated server error.
2024-04-12 17:15:27.401,Error injection triggered: Simulated server error.
2024-04-12 17:15:27.402,Error injection triggered: Simulated server error.
2024-04-12 17:15:27.402,Error injection triggered: Simulated server error.
2024-04-12 17:15:27.403,Error injection triggered: Simulated server error.
2024-04-12 17:15:27.404,Error injection triggered: Simulated server error.
2024-04-12 17:15:27.405,Error injection triggered: Simulated server error.
2024-04-12 17:15:27.406,Error injection triggered: Simulated server error.
2024-04-12 17:15:27.419,Error injection triggered: Simulated server error.
2024-04-12 17:15:27.419,Error injection triggered: Simulated server error.
2024-04-12 17:15:27.42,Error injection triggered: Simulated server error.
2024-04-12 17:15:27.421,Error injection triggered: Simulated server error.
2024-04-12 17:15:27.422,Error injection triggered: Simulated server error.
2024-04-12 17:15:27.452,Error injection triggered: Simulated server error.
2024-04-12 17:15:27.453,Error injection triggered: Simulated server error.
2024-04-12 17:15:27.453,Error injection triggered: Simulated server error.
2024-04-12 17:15:27.455,Error injection triggered: Simulated server error.
2024-04-12 17:15:27.456,Error injection triggered: Simulated server error.
2024-04-12 17:15:27.583,Error injection triggered: Simulated server error.
2024-04-12 17:15:27.603,Error injection triggered: Simulated server error.
2024-04-12 17:15:27.604,Error injection triggered: Simulated server error.
2024-04-12 17:15:27.605,Error injection triggered: Simulated server error.
2024-04-12 17:15:27.607,Error injection triggered: Simulated server error.
2024-04-12 17:15:27.608,Error injection triggered: Simulated server error.
2024-04-12 17:15:27.609,Error injection triggered: Simulated server error.
2024-04-12 17:15:27.61,Error injection triggered: Simulated server error.
2024-04-12 17:15:27.612,Error injection triggered: Simulated server error.
2024-04-12 17:15:27.614,Error injection triggered: Simulated server error.
2024-04-12 17:15:27.615,Error injection triggered: Simulated server error.
2024-04-12 17:15:27.617,Error injection triggered: Simulated server error.
2024-04-12 17:15:27.619,Error injection triggered: Simulated server error.
2024-04-12 17:15:27.62,Error injection triggered: Simulated server error.
2024-04-12 17:15:27.621,Error injection triggered: Simulated server error.
2024-04-12 17:15:27.622,Error injection triggered: Simulated server error.
2024-04-12 17:15:27.624,Error injection triggered: Simulated server error.
2024-04-12 17:15:27.626,Error injection triggered: Simulated server error.
2024-04-12 17:15:27.778,Error injection triggered: Simulated server error.
2024-04-12 17:15:27.779,Error injection triggered: Simulated server error.
2024-04-12 17:15:27.78,Error injection triggered: Simulated server error.
2024-04-12 17:15:27.781,Error injection triggered: Simulated server error.
2024-04-12 17:15:27.782,Error injection triggered: Simulated server error.
2024-04-12 17:15:27.823,Error injection triggered: Simulated server error.
2024-04-12 17:15:27.824,Error injection triggered: Simulated server error.
2024-04-12 17:15:27.826,Error injection triggered: Simulated server error.
2024-04-12 17:15:27.827,Error injection triggered: Simulated server error.
2024-04-12 17:15:27.828,Error injection triggered: Simulated server error.
2024-04-12 17:15:27.829,Error injection triggered: Simulated server error.
2024-04-12 17:15:27.83,Error injection triggered: Simulated server error.
2024-04-12 17:15:27.831,Error injection triggered: Simulated server error.
2024-04-12 17:15:27.832,Error injection triggered: Simulated server error.
2024-04-12 17:15:27.833,Error injection triggered: Simulated server error.
2024-04-12 17:15:27.834,Error injection triggered: Simulated server error.
2024-04-12 17:15:27.836,Error injection triggered: Simulated server error.
2024-04-12 17:15:27.838,Error injection triggered: Simulated server error.
2024-04-12 17:15:27.839,Error injection triggered: Simulated server error.
2024-04-12 17:15:27.84,Error injection triggered: Simulated server error.
2024-04-12 17:15:27.841,Error injection triggered: Simulated server error.
2024-04-12 17:15:27.842,Error injection triggered: Simulated server error.
2024-04-12 17:15:27.843,Error injection triggered: Simulated server error.
2024-04-12 17:15:27.844,Error injection triggered: Simulated server error.
2024-04-12 17:15:27.845,Error injection triggered: Simulated server error.
2024-04-12 17:15:27.849,Error injection triggered: Simulated server error.
2024-04-12 17:15:27.85,Error injection triggered: Simulated server error.
2024-04-12 17:15:27.85,Error injection triggered: Simulated server error.
2024-04-12 17:15:27.851,Error injection triggered: Simulated server error.
2024-04-12 17:15:27.854,Error injection triggered: Simulated server error.
2024-04-12 17:15:27.855,Error injection triggered: Simulated server error.
2024-04-12 17:15:27.855,Error injection triggered: Simulated server error.
2024-04-12 17:15:27.856,Error injection triggered: Simulated server error.
2024-04-12 17:15:27.857,Error injection triggered: Simulated server error.
2024-04-12 17:15:27.857,Error injection triggered: Simulated server error.
2024-04-12 17:15:27.858,Error injection triggered: Simulated server error.
2024-04-12 17:15:27.859,Error injection triggered: Simulated server error.
2024-04-12 17:15:27.859,Error injection triggered: Simulated server error.
