2024-04-12 16:57:05.367,Error injection triggered: Simulated server error.
2024-04-12 16:57:06.077,Error injection triggered: Simulated server error.
2024-04-12 16:57:06.079,Error injection triggered: Simulated server error.
2024-04-12 16:57:06.082,Error injection triggered: Simulated server error.
2024-04-12 16:57:06.088,Error injection triggered: Simulated server error.
2024-04-12 16:57:06.256,Error injection triggered: Simulated server error.
2024-04-12 16:57:06.27,Error injection triggered: Simulated server error.
2024-04-12 16:57:06.277,Error injection triggered: Simulated server error.
2024-04-12 16:57:06.336,Error injection triggered: Simulated server error.
2024-04-12 16:57:06.351,Error injection triggered: Simulated server error.
2024-04-12 16:57:06.855,Error injection triggered: Simulated server error.
2024-04-12 16:57:07.153,Error injection triggered: Simulated server error.
2024-04-12 16:57:07.182,Error injection triggered: Simulated server error.
2024-04-12 16:57:07.281,Error injection triggered: Simulated server error.
2024-04-12 16:57:07.284,Error injection triggered: Simulated server error.
2024-04-12 16:57:07.541,Error injection triggered: Simulated server error.
2024-04-12 16:57:07.804,Error injection triggered: Simulated server error.
2024-04-12 16:57:07.805,Error injection triggered: Simulated server error.
2024-04-12 16:57:07.813,Error injection triggered: Simulated server error.
2024-04-12 16:57:08.081,Error injection triggered: Simulated server error.
2024-04-12 16:57:08.083,Error injection triggered: Simulated server error.
2024-04-12 16:57:08.223,Error injection triggered: Simulated server error.
2024-04-12 16:57:08.51,Error injection triggered: Simulated server error.
2024-04-12 16:57:08.645,Error injection triggered: Simulated server error.
2024-04-12 16:57:08.647,Error injection triggered: Simulated server error.
2024-04-12 16:57:08.728,Error injection triggered: Simulated server error.
2024-04-12 16:57:08.77,Error injection triggered: Simulated server error.
2024-04-12 16:57:08.823,Error injection triggered: Simulated server error.
2024-04-12 16:57:08.824,Error injection triggered: Simulated server error.
2024-04-12 16:57:08.827,Error injection triggered: Simulated server error.
2024-04-12 16:57:08.98,Error injection triggered: Simulated server error.
2024-04-12 16:57:09.176,Error injection triggered: Simulated server error.
2024-04-12 16:57:09.212,Error injection triggered: Simulated server error.
2024-04-12 16:57:09.213,Error injection triggered: Simulated server error.
2024-04-12 16:57:09.216,Error injection triggered: Simulated server error.
2024-04-12 16:57:09.218,Error injection triggered: Simulated server error.
2024-04-12 16:57:09.219,Error injection triggered: Simulated server error.
2024-04-12 16:57:09.291,Error injection triggered: Simulated server error.
2024-04-12 16:57:09.293,Error injection triggered: Simulated server error.
2024-04-12 16:57:09.564,Error injection triggered: Simulated server error.
2024-04-12 16:57:09.625,Error injection triggered: Simulated server error.
2024-04-12 16:57:09.706,Error injection triggered: Simulated server error.
2024-04-12 16:57:09.708,Error injection triggered: Simulated server error.
2024-04-12 16:57:09.75,Error injection triggered: Simulated server error.
2024-04-12 16:57:09.8,Error injection triggered: Simulated server error.
2024-04-12 16:57:09.802,Error injection triggered: Simulated server error.
2024-04-12 16:57:09.803,Error injection triggered: Simulated server error.
2024-04-12 16:57:09.807,Error injection triggered: Simulated server error.
2024-04-12 16:57:09.901,Error injection triggered: Simulated server error.
2024-04-12 16:57:09.939,Error injection triggered: Simulated server error.
2024-04-12 16:57:09.942,Error injection triggered: Simulated server error.
2024-04-12 16:57:10.331,Error injection triggered: Simulated server error.
2024-04-12 16:57:10.335,Error injection triggered: Simulated server error.
2024-04-12 16:57:10.456,Error injection triggered: Simulated server error.
2024-04-12 16:57:10.471,Error injection triggered: Simulated server error.
2024-04-12 16:57:10.473,Error injection triggered: Simulated server error.
2024-04-12 16:57:10.618,Error injection triggered: Simulated server error.
2024-04-12 16:57:10.62,Error injection triggered: Simulated server error.
2024-04-12 16:57:10.622,Error injection triggered: Simulated server error.
2024-04-12 16:57:10.768,Error injection triggered: Simulated server error.
2024-04-12 16:57:10.821,Error injection triggered: Simulated server error.
2024-04-12 16:57:10.823,Error injection triggered: Simulated server error.
2024-04-12 16:57:10.825,Error injection triggered: Simulated server error.
2024-04-12 16:57:10.827,Error injection triggered: Simulated server error.
2024-04-12 16:57:11.097,Error injection triggered: Simulated server error.
2024-04-12 16:57:11.098,Error injection triggered: Simulated server error.
2024-04-12 16:57:11.277,Error injection triggered: Simulated server error.
2024-04-12 16:57:11.29,Error injection triggered: Simulated server error.
2024-04-12 16:57:11.313,Error injection triggered: Simulated server error.
2024-04-12 16:57:11.385,Error injection triggered: Simulated server error.
2024-04-12 16:57:11.455,Error injection triggered: Simulated server error.
2024-04-12 16:57:11.465,Error injection triggered: Simulated server error.
2024-04-12 16:57:11.466,Error injection triggered: Simulated server error.
2024-04-12 16:57:11.672,Error injection triggered: Simulated server error.
2024-04-12 16:57:11.684,Error injection triggered: Simulated server error.
2024-04-12 16:57:11.702,Error injection triggered: Simulated server error.
2024-04-12 16:57:11.704,Error injection triggered: Simulated server error.
2024-04-12 16:57:11.706,Error injection triggered: Simulated server error.
2024-04-12 16:57:11.881,Error injection triggered: Simulated server error.
2024-04-12 16:57:11.882,Error injection triggered: Simulated server error.
2024-04-12 16:57:12.048,Error injection triggered: Simulated server error.
2024-04-12 16:57:12.05,Error injection triggered: Simulated server error.
2024-04-12 16:57:12.052,Error injection triggered: Simulated server error.
2024-04-12 16:57:12.055,Error injection triggered: Simulated server error.
2024-04-12 16:57:12.058,Error injection triggered: Simulated server error.
2024-04-12 16:57:12.062,Error injection triggered: Simulated server error.
2024-04-12 16:57:12.063,Error injection triggered: Simulated server error.
2024-04-12 16:57:12.067,Error injection triggered: Simulated server error.
2024-04-12 16:57:12.069,Error injection triggered: Simulated server error.
2024-04-12 16:57:12.263,Error injection triggered: Simulated server error.
2024-04-12 16:57:12.458,Error injection triggered: Simulated server error.
2024-04-12 16:57:12.459,Error injection triggered: Simulated server error.
2024-04-12 16:57:12.46,Error injection triggered: Simulated server error.
2024-04-12 16:57:12.462,Error injection triggered: Simulated server error.
2024-04-12 16:57:12.668,Error injection triggered: Simulated server error.
2024-04-12 16:57:12.669,Error injection triggered: Simulated server error.
2024-04-12 16:57:12.699,Error injection triggered: Simulated server error.
2024-04-12 16:57:12.701,Error injection triggered: Simulated server error.
2024-04-12 16:57:12.704,Error injection triggered: Simulated server error.
2024-04-12 16:57:12.707,Error injection triggered: Simulated server error.
2024-04-12 16:57:12.712,Error injection triggered: Simulated server error.
2024-04-12 16:57:12.714,Error injection triggered: Simulated server error.
2024-04-12 16:57:12.907,Error injection triggered: Simulated server error.
2024-04-12 16:57:12.912,Error injection triggered: Simulated server error.
2024-04-12 16:57:12.914,Error injection triggered: Simulated server error.
2024-04-12 16:57:12.965,Error injection triggered: Simulated server error.
2024-04-12 16:57:12.966,Error injection triggered: Simulated server error.
2024-04-12 16:57:12.968,Error injection triggered: Simulated server error.
2024-04-12 16:57:12.969,Error injection triggered: Simulated server error.
2024-04-12 16:57:13.056,Error injection triggered: Simulated server error.
2024-04-12 16:57:13.251,Error injection triggered: Simulated server error.
2024-04-12 16:57:13.254,Error injection triggered: Simulated server error.
2024-04-12 16:57:13.321,Error injection triggered: Simulated server error.
2024-04-12 16:57:13.334,Error injection triggered: Simulated server error.
2024-04-12 16:57:13.336,Error injection triggered: Simulated server error.
2024-04-12 16:57:13.338,Error injection triggered: Simulated server error.
2024-04-12 16:57:13.34,Error injection triggered: Simulated server error.
2024-04-12 16:57:13.455,Error injection triggered: Simulated server error.
2024-04-12 16:57:13.517,Error injection triggered: Simulated server error.
2024-04-12 16:57:13.534,Error injection triggered: Simulated server error.
2024-04-12 16:57:13.536,Error injection triggered: Simulated server error.
2024-04-12 16:57:13.544,Error injection triggered: Simulated server error.
2024-04-12 16:57:13.546,Error injection triggered: Simulated server error.
2024-04-12 16:57:13.581,Error injection triggered: Simulated server error.
2024-04-12 16:57:13.582,Error injection triggered: Simulated server error.
2024-04-12 16:57:13.584,Error injection triggered: Simulated server error.
2024-04-12 16:57:13.585,Error injection triggered: Simulated server error.
2024-04-12 16:57:13.587,Error injection triggered: Simulated server error.
2024-04-12 16:57:13.734,Error injection triggered: Simulated server error.
2024-04-12 16:57:13.736,Error injection triggered: Simulated server error.
2024-04-12 16:57:13.737,Error injection triggered: Simulated server error.
2024-04-12 16:57:13.764,Error injection triggered: Simulated server error.
2024-04-12 16:57:13.766,Error injection triggered: Simulated server error.
2024-04-12 16:57:13.814,Error injection triggered: Simulated server error.
2024-04-12 16:57:13.823,Error injection triggered: Simulated server error.
2024-04-12 16:57:13.825,Error injection triggered: Simulated server error.
2024-04-12 16:57:13.828,Error injection triggered: Simulated server error.
2024-04-12 16:57:13.83,Error injection triggered: Simulated server error.
2024-04-12 16:57:13.834,Error injection triggered: Simulated server error.
2024-04-12 16:57:13.837,Error injection triggered: Simulated server error.
2024-04-12 16:57:14.071,Error injection triggered: Simulated server error.
2024-04-12 16:57:14.233,Error injection triggered: Simulated server error.
2024-04-12 16:57:14.234,Error injection triggered: Simulated server error.
2024-04-12 16:57:14.236,Error injection triggered: Simulated server error.
2024-04-12 16:57:14.237,Error injection triggered: Simulated server error.
2024-04-12 16:57:14.24,Error injection triggered: Simulated server error.
2024-04-12 16:57:14.243,Error injection triggered: Simulated server error.
2024-04-12 16:57:14.389,Error injection triggered: Simulated server error.
2024-04-12 16:57:14.399,Error injection triggered: Simulated server error.
2024-04-12 16:57:14.429,Error injection triggered: Simulated server error.
2024-04-12 16:57:14.43,Error injection triggered: Simulated server error.
2024-04-12 16:57:14.453,Error injection triggered: Simulated server error.
2024-04-12 16:57:14.488,Error injection triggered: Simulated server error.
2024-04-12 16:57:14.501,Error injection triggered: Simulated server error.
2024-04-12 16:57:14.504,Error injection triggered: Simulated server error.
2024-04-12 16:57:14.548,Error injection triggered: Simulated server error.
2024-04-12 16:57:14.551,Error injection triggered: Simulated server error.
2024-04-12 16:57:14.565,Error injection triggered: Simulated server error.
2024-04-12 16:57:14.573,Error injection triggered: Simulated server error.
2024-04-12 16:57:14.575,Error injection triggered: Simulated server error.
2024-04-12 16:57:14.578,Error injection triggered: Simulated server error.
2024-04-12 16:57:14.58,Error injection triggered: Simulated server error.
2024-04-12 16:57:14.612,Error injection triggered: Simulated server error.
2024-04-12 16:57:14.613,Error injection triggered: Simulated server error.
2024-04-12 16:57:14.841,Error injection triggered: Simulated server error.
2024-04-12 16:57:14.948,Error injection triggered: Simulated server error.
2024-04-12 16:57:14.98,Error injection triggered: Simulated server error.
2024-04-12 16:57:14.982,Error injection triggered: Simulated server error.
2024-04-12 16:57:14.998,Error injection triggered: Simulated server error.
2024-04-12 16:57:15.0,Error injection triggered: Simulated server error.
2024-04-12 16:57:15.01,Error injection triggered: Simulated server error.
2024-04-12 16:57:15.037,Error injection triggered: Simulated server error.
2024-04-12 16:57:15.038,Error injection triggered: Simulated server error.
2024-04-12 16:57:15.201,Error injection triggered: Simulated server error.
2024-04-12 16:57:15.202,Error injection triggered: Simulated server error.
2024-04-12 16:57:15.204,Error injection triggered: Simulated server error.
2024-04-12 16:57:15.205,Error injection triggered: Simulated server error.
2024-04-12 16:57:15.206,Error injection triggered: Simulated server error.
2024-04-12 16:57:15.208,Error injection triggered: Simulated server error.
2024-04-12 16:57:15.21,Error injection triggered: Simulated server error.
2024-04-12 16:57:15.212,Error injection triggered: Simulated server error.
2024-04-12 16:57:15.39,Error injection triggered: Simulated server error.
2024-04-12 16:57:15.394,Error injection triggered: Simulated server error.
2024-04-12 16:57:15.423,Error injection triggered: Simulated server error.
2024-04-12 16:57:15.463,Error injection triggered: Simulated server error.
2024-04-12 16:57:15.464,Error injection triggered: Simulated server error.
2024-04-12 16:57:15.466,Error injection triggered: Simulated server error.
2024-04-12 16:57:15.467,Error injection triggered: Simulated server error.
2024-04-12 16:57:15.469,Error injection triggered: Simulated server error.
2024-04-12 16:57:15.479,Error injection triggered: Simulated server error.
2024-04-12 16:57:15.6,Error injection triggered: Simulated server error.
2024-04-12 16:57:15.602,Error injection triggered: Simulated server error.
2024-04-12 16:57:15.603,Error injection triggered: Simulated server error.
2024-04-12 16:57:15.605,Error injection triggered: Simulated server error.
2024-04-12 16:57:15.648,Error injection triggered: Simulated server error.
2024-04-12 16:57:15.649,Error injection triggered: Simulated server error.
2024-04-12 16:57:15.651,Error injection triggered: Simulated server error.
2024-04-12 16:57:15.652,Error injection triggered: Simulated server error.
2024-04-12 16:57:15.653,Error injection triggered: Simulated server error.
2024-04-12 16:57:15.702,Error injection triggered: Simulated server error.
2024-04-12 16:57:15.766,Error injection triggered: Simulated server error.
2024-04-12 16:57:15.767,Error injection triggered: Simulated server error.
2024-04-12 16:57:15.811,Error injection triggered: Simulated server error.
2024-04-12 16:57:15.813,Error injection triggered: Simulated server error.
2024-04-12 16:57:15.814,Error injection triggered: Simulated server error.
2024-04-12 16:57:15.815,Error injection triggered: Simulated server error.
2024-04-12 16:57:15.817,Error injection triggered: Simulated server error.
2024-04-12 16:57:15.937,Error injection triggered: Simulated server error.
2024-04-12 16:57:15.942,Error injection triggered: Simulated server error.
2024-04-12 16:57:15.946,Error injection triggered: Simulated server error.
2024-04-12 16:57:15.948,Error injection triggered: Simulated server error.
2024-04-12 16:57:15.951,Error injection triggered: Simulated server error.
2024-04-12 16:57:15.954,Error injection triggered: Simulated server error.
2024-04-12 16:57:15.958,Error injection triggered: Simulated server error.
2024-04-12 16:57:15.962,Error injection triggered: Simulated server error.
2024-04-12 16:57:16.044,Error injection triggered: Simulated server error.
2024-04-12 16:57:16.045,Error injection triggered: Simulated server error.
2024-04-12 16:57:16.046,Error injection triggered: Simulated server error.
2024-04-12 16:57:16.138,Error injection triggered: Simulated server error.
2024-04-12 16:57:16.141,Error injection triggered: Simulated server error.
2024-04-12 16:57:16.143,Error injection triggered: Simulated server error.
2024-04-12 16:57:16.145,Error injection triggered: Simulated server error.
2024-04-12 16:57:16.149,Error injection triggered: Simulated server error.
2024-04-12 16:57:16.152,Error injection triggered: Simulated server error.
2024-04-12 16:57:16.155,Error injection triggered: Simulated server error.
2024-04-12 16:57:16.183,Error injection triggered: Simulated server error.
2024-04-12 16:57:16.185,Error injection triggered: Simulated server error.
2024-04-12 16:57:16.273,Error injection triggered: Simulated server error.
2024-04-12 16:57:16.274,Error injection triggered: Simulated server error.
2024-04-12 16:57:16.276,Error injection triggered: Simulated server error.
2024-04-12 16:57:16.277,Error injection triggered: Simulated server error.
2024-04-12 16:57:16.279,Error injection triggered: Simulated server error.
2024-04-12 16:57:16.4,Error injection triggered: Simulated server error.
2024-04-12 16:57:16.402,Error injection triggered: Simulated server error.
2024-04-12 16:57:16.402,Error injection triggered: Simulated server error.
2024-04-12 16:57:16.404,Error injection triggered: Simulated server error.
2024-04-12 16:57:16.406,Error injection triggered: Simulated server error.
2024-04-12 16:57:16.409,Error injection triggered: Simulated server error.
2024-04-12 16:57:16.411,Error injection triggered: Simulated server error.
2024-04-12 16:57:16.414,Error injection triggered: Simulated server error.
2024-04-12 16:57:16.437,Error injection triggered: Simulated server error.
2024-04-12 16:57:16.439,Error injection triggered: Simulated server error.
2024-04-12 16:57:16.44,Error injection triggered: Simulated server error.
2024-04-12 16:57:16.442,Error injection triggered: Simulated server error.
2024-04-12 16:57:16.468,Error injection triggered: Simulated server error.
2024-04-12 16:57:16.469,Error injection triggered: Simulated server error.
2024-04-12 16:57:16.47,Error injection triggered: Simulated server error.
2024-04-12 16:57:16.472,Error injection triggered: Simulated server error.
2024-04-12 16:57:16.474,Error injection triggered: Simulated server error.
2024-04-12 16:57:16.476,Error injection triggered: Simulated server error.
2024-04-12 16:57:16.478,Error injection triggered: Simulated server error.
2024-04-12 16:57:16.479,Error injection triggered: Simulated server error.
2024-04-12 16:57:16.481,Error injection triggered: Simulated server error.
2024-04-12 16:57:16.482,Error injection triggered: Simulated server error.
2024-04-12 16:57:16.484,Error injection triggered: Simulated server error.
2024-04-12 16:57:16.589,Error injection triggered: Simulated server error.
2024-04-12 16:57:16.61,Error injection triggered: Simulated server error.
2024-04-12 16:57:16.611,Error injection triggered: Simulated server error.
2024-04-12 16:57:16.613,Error injection triggered: Simulated server error.
2024-04-12 16:57:16.614,Error injection triggered: Simulated server error.
2024-04-12 16:57:16.618,Error injection triggered: Simulated server error.
2024-04-12 16:57:16.72,Error injection triggered: Simulated server error.
2024-04-12 16:57:16.723,Error injection triggered: Simulated server error.
2024-04-12 16:57:16.776,Error injection triggered: Simulated server error.
2024-04-12 16:57:16.879,Error injection triggered: Simulated server error.
2024-04-12 16:57:17.109,Error injection triggered: Simulated server error.
2024-04-12 16:57:17.217,Error injection triggered: Simulated server error.
2024-04-12 16:57:17.248,Error injection triggered: Simulated server error.
2024-04-12 16:57:17.261,Error injection triggered: Simulated server error.
2024-04-12 16:57:17.294,Error injection triggered: Simulated server error.
2024-04-12 16:57:17.467,Error injection triggered: Simulated server error.
2024-04-12 16:57:17.697,Error injection triggered: Simulated server error.
2024-04-12 16:57:17.939,Error injection triggered: Simulated server error.
2024-04-12 16:57:17.962,Error injection triggered: Simulated server error.
2024-04-12 16:57:18.031,Error injection triggered: Simulated server error.
2024-04-12 16:57:18.095,Error injection triggered: Simulated server error.
2024-04-12 16:57:18.275,Error injection triggered: Simulated server error.
2024-04-12 16:57:18.437,Error injection triggered: Simulated server error.
2024-04-12 16:57:18.524,Error injection triggered: Simulated server error.
2024-04-12 16:57:18.526,Error injection triggered: Simulated server error.
2024-04-12 16:57:18.527,Error injection triggered: Simulated server error.
2024-04-12 16:57:18.529,Error injection triggered: Simulated server error.
2024-04-12 16:57:18.53,Error injection triggered: Simulated server error.
2024-04-12 16:57:18.533,Error injection triggered: Simulated server error.
2024-04-12 16:57:18.535,Error injection triggered: Simulated server error.
2024-04-12 16:57:18.612,Error injection triggered: Simulated server error.
2024-04-12 16:57:18.613,Error injection triggered: Simulated server error.
2024-04-12 16:57:18.63,Error injection triggered: Simulated server error.
2024-04-12 16:57:18.632,Error injection triggered: Simulated server error.
2024-04-12 16:57:18.633,Error injection triggered: Simulated server error.
2024-04-12 16:57:18.635,Error injection triggered: Simulated server error.
2024-04-12 16:57:18.636,Error injection triggered: Simulated server error.
2024-04-12 16:57:18.712,Error injection triggered: Simulated server error.
2024-04-12 16:57:18.715,Error injection triggered: Simulated server error.
2024-04-12 16:57:18.718,Error injection triggered: Simulated server error.
2024-04-12 16:57:18.843,Error injection triggered: Simulated server error.
2024-04-12 16:57:18.844,Error injection triggered: Simulated server error.
2024-04-12 16:57:18.845,Error injection triggered: Simulated server error.
2024-04-12 16:57:18.847,Error injection triggered: Simulated server error.
2024-04-12 16:57:18.849,Error injection triggered: Simulated server error.
2024-04-12 16:57:18.851,Error injection triggered: Simulated server error.
2024-04-12 16:57:18.853,Error injection triggered: Simulated server error.
2024-04-12 16:57:19.053,Error injection triggered: Simulated server error.
2024-04-12 16:57:19.065,Error injection triggered: Simulated server error.
2024-04-12 16:57:19.146,Error injection triggered: Simulated server error.
2024-04-12 16:57:19.31,Error injection triggered: Simulated server error.
2024-04-12 16:57:19.333,Error injection triggered: Simulated server error.
2024-04-12 16:57:19.381,Error injection triggered: Simulated server error.
2024-04-12 16:57:19.427,Error injection triggered: Simulated server error.
2024-04-12 16:57:19.43,Error injection triggered: Simulated server error.
2024-04-12 16:57:19.441,Error injection triggered: Simulated server error.
2024-04-12 16:57:19.453,Error injection triggered: Simulated server error.
2024-04-12 16:57:19.461,Error injection triggered: Simulated server error.
2024-04-12 16:57:19.463,Error injection triggered: Simulated server error.
2024-04-12 16:57:19.502,Error injection triggered: Simulated server error.
2024-04-12 16:57:19.503,Error injection triggered: Simulated server error.
2024-04-12 16:57:19.503,Error injection triggered: Simulated server error.
2024-04-12 16:57:19.504,Error injection triggered: Simulated server error.
2024-04-12 16:57:19.591,Error injection triggered: Simulated server error.
2024-04-12 16:57:19.653,Error injection triggered: Simulated server error.
2024-04-12 16:57:19.656,Error injection triggered: Simulated server error.
2024-04-12 16:57:19.657,Error injection triggered: Simulated server error.
2024-04-12 16:57:19.658,Error injection triggered: Simulated server error.
2024-04-12 16:57:19.678,Error injection triggered: Simulated server error.
2024-04-12 16:57:19.679,Error injection triggered: Simulated server error.
2024-04-12 16:57:19.68,Error injection triggered: Simulated server error.
2024-04-12 16:57:19.681,Error injection triggered: Simulated server error.
2024-04-12 16:57:19.683,Error injection triggered: Simulated server error.
2024-04-12 16:57:19.684,Error injection triggered: Simulated server error.
2024-04-12 16:57:19.685,Error injection triggered: Simulated server error.
2024-04-12 16:57:19.686,Error injection triggered: Simulated server error.
2024-04-12 16:57:19.687,Error injection triggered: Simulated server error.
2024-04-12 16:57:19.752,Error injection triggered: Simulated server error.
2024-04-12 16:57:19.853,Error injection triggered: Simulated server error.
2024-04-12 16:57:19.89,Error injection triggered: Simulated server error.
2024-04-12 16:57:19.891,Error injection triggered: Simulated server error.
2024-04-12 16:57:19.893,Error injection triggered: Simulated server error.
2024-04-12 16:57:19.894,Error injection triggered: Simulated server error.
2024-04-12 16:57:19.944,Error injection triggered: Simulated server error.
2024-04-12 16:57:19.946,Error injection triggered: Simulated server error.
2024-04-12 16:57:19.956,Error injection triggered: Simulated server error.
2024-04-12 16:57:19.961,Error injection triggered: Simulated server error.
2024-04-12 16:57:19.964,Error injection triggered: Simulated server error.
2024-04-12 16:57:19.965,Error injection triggered: Simulated server error.
2024-04-12 16:57:19.967,Error injection triggered: Simulated server error.
2024-04-12 16:57:19.97,Error injection triggered: Simulated server error.
2024-04-12 16:57:19.972,Error injection triggered: Simulated server error.
2024-04-12 16:57:19.974,Error injection triggered: Simulated server error.
2024-04-12 16:57:20.063,Error injection triggered: Simulated server error.
2024-04-12 16:57:20.064,Error injection triggered: Simulated server error.
2024-04-12 16:57:20.066,Error injection triggered: Simulated server error.
2024-04-12 16:57:20.067,Error injection triggered: Simulated server error.
2024-04-12 16:57:20.071,Error injection triggered: Simulated server error.
2024-04-12 16:57:20.073,Error injection triggered: Simulated server error.
2024-04-12 16:57:20.075,Error injection triggered: Simulated server error.
2024-04-12 16:57:20.076,Error injection triggered: Simulated server error.
2024-04-12 16:57:20.121,Error injection triggered: Simulated server error.
2024-04-12 16:57:20.123,Error injection triggered: Simulated server error.
2024-04-12 16:57:20.124,Error injection triggered: Simulated server error.
2024-04-12 16:57:20.125,Error injection triggered: Simulated server error.
2024-04-12 16:57:20.213,Error injection triggered: Simulated server error.
2024-04-12 16:57:20.216,Error injection triggered: Simulated server error.
2024-04-12 16:57:20.232,Error injection triggered: Simulated server error.
2024-04-12 16:57:20.234,Error injection triggered: Simulated server error.
2024-04-12 16:57:20.236,Error injection triggered: Simulated server error.
2024-04-12 16:57:20.24,Error injection triggered: Simulated server error.
2024-04-12 16:57:20.242,Error injection triggered: Simulated server error.
2024-04-12 16:57:20.284,Error injection triggered: Simulated server error.
2024-04-12 16:57:20.286,Error injection triggered: Simulated server error.
2024-04-12 16:57:20.289,Error injection triggered: Simulated server error.
2024-04-12 16:57:20.301,Error injection triggered: Simulated server error.
2024-04-12 16:57:20.302,Error injection triggered: Simulated server error.
2024-04-12 16:57:20.305,Error injection triggered: Simulated server error.
2024-04-12 16:57:20.306,Error injection triggered: Simulated server error.
2024-04-12 16:57:20.308,Error injection triggered: Simulated server error.
2024-04-12 16:57:20.368,Error injection triggered: Simulated server error.
2024-04-12 16:57:20.369,Error injection triggered: Simulated server error.
2024-04-12 16:57:20.374,Error injection triggered: Simulated server error.
2024-04-12 16:57:20.376,Error injection triggered: Simulated server error.
2024-04-12 16:57:20.441,Error injection triggered: Simulated server error.
2024-04-12 16:57:20.497,Error injection triggered: Simulated server error.
2024-04-12 16:57:20.53,Error injection triggered: Simulated server error.
2024-04-12 16:57:20.532,Error injection triggered: Simulated server error.
2024-04-12 16:57:20.679,Error injection triggered: Simulated server error.
2024-04-12 16:57:20.701,Error injection triggered: Simulated server error.
2024-04-12 16:57:20.725,Error injection triggered: Simulated server error.
2024-04-12 16:57:20.726,Error injection triggered: Simulated server error.
2024-04-12 16:57:20.727,Error injection triggered: Simulated server error.
2024-04-12 16:57:20.728,Error injection triggered: Simulated server error.
2024-04-12 16:57:20.858,Error injection triggered: Simulated server error.
2024-04-12 16:57:20.915,Error injection triggered: Simulated server error.
2024-04-12 16:57:20.949,Error injection triggered: Simulated server error.
2024-04-12 16:57:20.95,Error injection triggered: Simulated server error.
2024-04-12 16:57:20.951,Error injection triggered: Simulated server error.
2024-04-12 16:57:20.952,Error injection triggered: Simulated server error.
2024-04-12 16:57:20.953,Error injection triggered: Simulated server error.
2024-04-12 16:57:20.954,Error injection triggered: Simulated server error.
2024-04-12 16:57:20.956,Error injection triggered: Simulated server error.
2024-04-12 16:57:20.957,Error injection triggered: Simulated server error.
2024-04-12 16:57:20.958,Error injection triggered: Simulated server error.
2024-04-12 16:57:20.959,Error injection triggered: Simulated server error.
2024-04-12 16:57:20.96,Error injection triggered: Simulated server error.
2024-04-12 16:57:20.962,Error injection triggered: Simulated server error.
2024-04-12 16:57:20.963,Error injection triggered: Simulated server error.
2024-04-12 16:57:20.964,Error injection triggered: Simulated server error.
2024-04-12 16:57:20.966,Error injection triggered: Simulated server error.
2024-04-12 16:57:20.986,Error injection triggered: Simulated server error.
2024-04-12 16:57:20.987,Error injection triggered: Simulated server error.
2024-04-12 16:57:20.988,Error injection triggered: Simulated server error.
2024-04-12 16:57:20.988,Error injection triggered: Simulated server error.
2024-04-12 16:57:20.989,Error injection triggered: Simulated server error.
2024-04-12 16:57:20.99,Error injection triggered: Simulated server error.
2024-04-12 16:57:20.991,Error injection triggered: Simulated server error.
2024-04-12 16:57:20.992,Error injection triggered: Simulated server error.
2024-04-12 16:57:20.993,Error injection triggered: Simulated server error.
2024-04-12 16:57:20.994,Error injection triggered: Simulated server error.
2024-04-12 16:57:20.996,Error injection triggered: Simulated server error.
2024-04-12 16:57:20.997,Error injection triggered: Simulated server error.
2024-04-12 16:57:20.998,Error injection triggered: Simulated server error.
2024-04-12 16:57:21.0,Error injection triggered: Simulated server error.
2024-04-12 16:57:21.001,Error injection triggered: Simulated server error.
2024-04-12 16:57:21.003,Error injection triggered: Simulated server error.
2024-04-12 16:57:21.003,Error injection triggered: Simulated server error.
2024-04-12 16:57:21.006,Error injection triggered: Simulated server error.
2024-04-12 16:57:21.009,Error injection triggered: Simulated server error.
2024-04-12 16:57:21.011,Error injection triggered: Simulated server error.
2024-04-12 16:57:21.017,Error injection triggered: Simulated server error.
2024-04-12 16:57:21.023,Error injection triggered: Simulated server error.
2024-04-12 16:57:21.123,Error injection triggered: Simulated server error.
2024-04-12 16:57:21.141,Error injection triggered: Simulated server error.
2024-04-12 16:57:21.142,Error injection triggered: Simulated server error.
2024-04-12 16:57:21.144,Error injection triggered: Simulated server error.
2024-04-12 16:57:21.145,Error injection triggered: Simulated server error.
2024-04-12 16:57:21.147,Error injection triggered: Simulated server error.
2024-04-12 16:57:21.149,Error injection triggered: Simulated server error.
2024-04-12 16:57:21.151,Error injection triggered: Simulated server error.
2024-04-12 16:57:21.184,Error injection triggered: Simulated server error.
2024-04-12 16:57:21.185,Error injection triggered: Simulated server error.
2024-04-12 16:57:21.186,Error injection triggered: Simulated server error.
2024-04-12 16:57:21.188,Error injection triggered: Simulated server error.
2024-04-12 16:57:21.191,Error injection triggered: Simulated server error.
2024-04-12 16:57:21.193,Error injection triggered: Simulated server error.
2024-04-12 16:57:21.196,Error injection triggered: Simulated server error.
2024-04-12 16:57:21.3,Error injection triggered: Simulated server error.
2024-04-12 16:57:21.34,Error injection triggered: Simulated server error.
2024-04-12 16:57:21.366,Error injection triggered: Simulated server error.
2024-04-12 16:57:21.474,Error injection triggered: Simulated server error.
2024-04-12 16:57:21.476,Error injection triggered: Simulated server error.
2024-04-12 16:57:21.481,Error injection triggered: Simulated server error.
2024-04-12 16:57:21.546,Error injection triggered: Simulated server error.
2024-04-12 16:57:21.547,Error injection triggered: Simulated server error.
2024-04-12 16:57:21.548,Error injection triggered: Simulated server error.
2024-04-12 16:57:21.78,Error injection triggered: Simulated server error.
2024-04-12 16:57:21.942,Error injection triggered: Simulated server error.
2024-04-12 16:57:21.943,Error injection triggered: Simulated server error.
2024-04-12 16:57:21.969,Error injection triggered: Simulated server error.
2024-04-12 16:57:21.995,Error injection triggered: Simulated server error.
2024-04-12 16:57:21.996,Error injection triggered: Simulated server error.
2024-04-12 16:57:21.997,Error injection triggered: Simulated server error.
2024-04-12 16:57:21.998,Error injection triggered: Simulated server error.
2024-04-12 16:57:21.999,Error injection triggered: Simulated server error.
2024-04-12 16:57:22.001,Error injection triggered: Simulated server error.
2024-04-12 16:57:22.002,Error injection triggered: Simulated server error.
2024-04-12 16:57:22.002,Error injection triggered: Simulated server error.
2024-04-12 16:57:22.003,Error injection triggered: Simulated server error.
2024-04-12 16:57:22.004,Error injection triggered: Simulated server error.
2024-04-12 16:57:22.131,Error injection triggered: Simulated server error.
2024-04-12 16:57:22.132,Error injection triggered: Simulated server error.
2024-04-12 16:57:22.133,Error injection triggered: Simulated server error.
2024-04-12 16:57:22.163,Error injection triggered: Simulated server error.
2024-04-12 16:57:22.164,Error injection triggered: Simulated server error.
2024-04-12 16:57:22.164,Error injection triggered: Simulated server error.
2024-04-12 16:57:22.166,Error injection triggered: Simulated server error.
2024-04-12 16:57:22.171,Error injection triggered: Simulated server error.
2024-04-12 16:57:22.174,Error injection triggered: Simulated server error.
2024-04-12 16:57:22.175,Error injection triggered: Simulated server error.
2024-04-12 16:57:22.177,Error injection triggered: Simulated server error.
2024-04-12 16:57:22.18,Error injection triggered: Simulated server error.
2024-04-12 16:57:22.181,Error injection triggered: Simulated server error.
2024-04-12 16:57:22.183,Error injection triggered: Simulated server error.
2024-04-12 16:57:22.219,Error injection triggered: Simulated server error.
2024-04-12 16:57:22.294,Error injection triggered: Simulated server error.
2024-04-12 16:57:22.326,Error injection triggered: Simulated server error.
2024-04-12 16:57:22.326,Error injection triggered: Simulated server error.
2024-04-12 16:57:22.328,Error injection triggered: Simulated server error.
2024-04-12 16:57:22.329,Error injection triggered: Simulated server error.
2024-04-12 16:57:22.331,Error injection triggered: Simulated server error.
2024-04-12 16:57:22.333,Error injection triggered: Simulated server error.
2024-04-12 16:57:22.336,Error injection triggered: Simulated server error.
2024-04-12 16:57:22.337,Error injection triggered: Simulated server error.
2024-04-12 16:57:22.339,Error injection triggered: Simulated server error.
2024-04-12 16:57:22.343,Error injection triggered: Simulated server error.
2024-04-12 16:57:22.357,Error injection triggered: Simulated server error.
2024-04-12 16:57:22.359,Error injection triggered: Simulated server error.
2024-04-12 16:57:22.361,Error injection triggered: Simulated server error.
2024-04-12 16:57:22.381,Error injection triggered: Simulated server error.
2024-04-12 16:57:22.384,Error injection triggered: Simulated server error.
2024-04-12 16:57:22.39,Error injection triggered: Simulated server error.
2024-04-12 16:57:22.392,Error injection triggered: Simulated server error.
2024-04-12 16:57:22.394,Error injection triggered: Simulated server error.
2024-04-12 16:57:22.399,Error injection triggered: Simulated server error.
2024-04-12 16:57:22.401,Error injection triggered: Simulated server error.
2024-04-12 16:57:22.404,Error injection triggered: Simulated server error.
2024-04-12 16:57:22.41,Error injection triggered: Simulated server error.
2024-04-12 16:57:22.43,Error injection triggered: Simulated server error.
2024-04-12 16:57:22.444,Error injection triggered: Simulated server error.
2024-04-12 16:57:22.446,Error injection triggered: Simulated server error.
2024-04-12 16:57:22.514,Error injection triggered: Simulated server error.
2024-04-12 16:57:22.569,Error injection triggered: Simulated server error.
2024-04-12 16:57:22.765,Error injection triggered: Simulated server error.
2024-04-12 16:57:22.766,Error injection triggered: Simulated server error.
2024-04-12 16:57:22.819,Error injection triggered: Simulated server error.
2024-04-12 16:57:22.851,Error injection triggered: Simulated server error.
2024-04-12 16:57:22.86,Error injection triggered: Simulated server error.
2024-04-12 16:57:22.861,Error injection triggered: Simulated server error.
2024-04-12 16:57:22.862,Error injection triggered: Simulated server error.
2024-04-12 16:57:22.862,Error injection triggered: Simulated server error.
2024-04-12 16:57:22.863,Error injection triggered: Simulated server error.
2024-04-12 16:57:22.864,Error injection triggered: Simulated server error.
2024-04-12 16:57:22.865,Error injection triggered: Simulated server error.
2024-04-12 16:57:22.865,Error injection triggered: Simulated server error.
2024-04-12 16:57:22.866,Error injection triggered: Simulated server error.
